Country Name	v1990	v1991	v1992	v1993	v1994	v1995	v1996	v1997	v1998	v1999	v2000	v2001	v2002	v2003	v2004	v2005	v2006	v2007	v2008	v2009	v2010	v2011	v2012	v2013	v2014
Aruba																						3671232222			
Afghanistan													19243809663	21284923743	22101051955	25361507050	27592569519	32219074825	34037462001	41505186409	45555113006	49338254431	57500127993	60707816634	63459994842
Angola	34569336017	35291341121	33605213160	25906791102	27384156308	30862652597	34945786283	38351851583	41406142195	43401794411	45726453705	48742596951	46055962673	49439320644	56325455002	68754610654	85561283210	1.07684E+11	1.24967E+11	1.28954E+11	1.34977E+11	1.43162E+11	1.53316E+11	1.66407E+11	1.77532E+11
Albania	8946888685	6509276808	6178307613	6932535057	7667714308	8868713893	9852403152	8934962899	10041377979	11473514055	12445742206	13639532693	14506495976	15546789901	16717730019	17896917936	19846079991	21655106012	24251493150	25800962689	28073789440	29655546966	30530320547	30603881457	32529186105
Andorra																									
Arab World	1.51916E+12	1.57467E+12	1.69068E+12	1.78419E+12	1.87638E+12	1.96737E+12	2.09456E+12	2.22108E+12	2.37155E+12	2.46479E+12	2.64895E+12	2.75758E+12	2.8161E+12	2.99953E+12	3.36508E+12	3.66886E+12	4.01412E+12	4.30759E+12	4.6487E+12	4.72873E+12	5.01644E+12	5.27124E+12	5.64203E+12	5.93478E+12	6.21502E+12
United Arab Emirates	1.33535E+11	1.39166E+11	1.471E+11	1.52499E+11	1.66485E+11	1.81323E+11	1.95339E+11	2.14956E+11	2.17923E+11	2.27679E+11	2.58132E+11	2.67708E+11	2.78432E+11	3.08976E+11	3.47843E+11	3.76467E+11	4.26205E+11	4.51481E+11	4.75031E+11	4.53544E+11	4.66591E+11	5.06507E+11	5.42169E+11	5.82823E+11	6.12772E+11
Argentina	2.28799E+11	2.66368E+11	3.04971E+11	3.3067E+11	3.57416E+11	3.5449E+11	3.8091E+11	4.18854E+11	4.39701E+11	4.31317E+11	4.37651E+11	4.27889E+11	3.87126E+11	4.29738E+11	4.81425E+11	5.40901E+11	6.02383E+11	6.7412E+11	7.1523E+11	6.78009E+11	7.5578E+11	8.17698E+11	8.24212E+11	8.57669E+11	8.51124E+11
Armenia	8558329070	7808540588	4648166189	4339987551	4671695182	5098201644	5495760949	5775463511	6264326459	6570077115	7116035771	7973754959	9163746289	10658796163	12098309164	14219082019	16590220304	19373470462	21116494555	18266187204	18896045357	20192628680	22045237582	23140511633	24403817572
American Samoa																									
Antigua and Barbuda	706150130	745538080.5	771365618.2	831416120.5	905797985.1	884378197	960000899.1	1029853197	1090284125	1148014225	1252707763	1217781356	1249138576	1351227709	1468026729	1612427296	1873508763	2101461973	2142038853	1896988532	1781905588	1780882314	1877286002	1905621557	2038789782
Australia	2.96442E+11	3.08135E+11	3.18992E+11	3.38727E+11	3.5947E+11	3.78736E+11	4.03679E+11	4.25981E+11	4.53356E+11	4.78816E+11	5.04549E+11	5.31871E+11	5.64335E+11	5.91173E+11	6.3169E+11	6.64703E+11	7.1171E+11	7.62076E+11	7.96992E+11	8.73431E+11	8.64245E+11	9.33417E+11	9.68591E+11	1.05556E+12	1.09463E+12
Austria	1.49353E+11	1.59636E+11	1.66693E+11	1.71558E+11	1.79418E+11	1.88046E+11	1.95186E+11	2.02487E+11	2.12604E+11	2.2064E+11	2.35343E+11	2.39177E+11	2.51985E+11	2.6075E+11	2.75846E+11	2.88087E+11	3.11132E+11	3.26724E+11	3.43813E+11	3.41402E+11	3.51656E+11	3.73031E+11	3.91635E+11	4.0637E+11	4.16955E+11
Azerbaijan	39391924925	40418168682	31996789308	25190961047	20658827706	18601118783	19186921181	20647193889	22958395782	25034653525	28446401578	31975038896	35907280254	40725100374	46113109805	60162435045	83404506137	1.07072E+11	1.20933E+11	1.33318E+11	1.41498E+11	1.44514E+11	1.50414E+11	1.61703E+11	1.67897E+11
Burundi	3806386336	4129612098	4266408488	4095359449	4022323849	3781004170	3542026147	3545365950	3754074760	3773027794	3825818400	3993448845	4235048651	4266639001	4595865283	4786437295	5199140913	5592951684	5990540955	6245390585	6561000839	6977151646	7391277397	7855690249	8369392756
Belgium	1.87076E+11	1.96846E+11	2.04415E+11	2.07265E+11	2.18507E+11	2.28384E+11	2.32446E+11	2.435E+11	2.50422E+11	2.62229E+11	2.86871E+11	2.98131E+11	3.14972E+11	3.22224E+11	3.36076E+11	3.49277E+11	3.73301E+11	3.9173E+11	4.08409E+11	4.10288E+11	4.36815E+11	4.55705E+11	4.71333E+11	4.86674E+11	5.00226E+11
Benin	4706554346	5068722234	5337601927	5783520744	6025938758	6523498026	6929832339	7452642551	7831926569	8376520572	9069163095	9770280734	10381010530	10952669662	11752340791	12338111333	13219119497	14383350251	15383136312	15859440470	16392960558	17227124155	18388394739	20029425217	21685116019
Burkina Faso	4808412462	5419099750	5555529168	5884583261	6088844517	6571158671	7428128269	8032514303	8713051672	9501391912	9894481756	10789241054	11431735283	12569430861	13493452593	15134014522	16574400246	17977728232	19667490921	20403830708	21762797285	23684085089	25676772179	27602824639	29313969112
Bangladesh	88395044692	94520597790	1.01937E+11	1.09279E+11	1.15947E+11	1.24427E+11	1.32429E+11	1.40743E+11	1.49636E+11	1.59021E+11	1.71248E+11	1.84044E+11	1.94032E+11	2.07281E+11	2.24139E+11	2.46472E+11	2.70994E+11	2.97844E+11	3.21949E+11	3.40761E+11	3.64141E+11	3.95684E+11	4.29253E+11	4.62416E+11	4.99245E+11
Bulgaria	45254866600	42812032925	40603524936	40954269745	42586229333	44717891725	47026763307	47263014143	49610097005	47223109591	52080544339	55615918620	60865147233	65150881563	70795326821	78696490475	86444929780	97340790019	1.0736E+11	1.05291E+11	1.10554E+11	1.15193E+11	1.18415E+11	1.20831E+11	1.26483E+11
Bahrain	11255108050	12935754982	14115761128	16311535424	16617019657	17630264882	18689947803	19597800847	20759410085	21983410784	23675279806	24818015161	26109731937	28234575456	31036186419	34203236183	37534482926	41728762476	45204453728	46704561332	49324077607	51341141015	54238348813	58099570205	61714863730
"Bahamas, The"	4022895109	3982969371	3917917992	4023482059	4238499442	4516365066	4793046032	4975614998	5266833557	5729460629	6102974660	6405948503	6680204681	6727239462	6973246688	7442000823	7863698468	8189755357	8156328769	7874671455	8094158148	8311829626	8725667094	8816301474	8862972088
Bosnia and Herzegovina					3748539858	4622680533	8894369621	12157683332	14206806451	15808941056	17057953927	17857682851	19310512227	20213632219	22085179210	24402918845	27895782414	30802203850	33896654957	33731299240	34670788258	36525703316	37145655844	39027142464	39811579970
Belarus	55014543407	56163561164	51929229506	49124239775	44299817613	40520496632	42415506107	48059574231	52661959814	55285764458	59823343551	64077915095	68344122112	74616536617	85446604659	96486388219	1.09396E+11	1.21966E+11	1.37043E+11	1.3836E+11	1.50964E+11	1.62623E+11	1.68486E+11	1.7296E+11	1.79098E+11
Belize	626088356.5	714836074.3	819128296.2	891253862.2	911658519.6	936666055.1	967392056.8	1018831759	1068416383	1180013129	1364224761	1465298344	1563946043	1743902597	1875184702	1985433465	2140210222	2221431984	2338133534	2372690404	2481511350	2586033030	2734400317	2815073568	2965941973
Bermuda	1554988500	1549957914	1584342982	1670838771	1716628217	1829523585	1911367369	2033508194	2135744470	2241778545	2506413532	2748681686	2749634057	2900115311	3049030896	3199827285	3480978666	3675320494	3804672577	3630994134	3598375440	3550019929	3440624524	3408396102	
Bolivia	16428348865	17869169615	18577429060	19831430420	21198752964	22653311224	24072883763	25697924709	27283279111	27819051784	29165604150	30332541008	31563692397	33065954261	35393060315	38147113648	41205235131	44232621786	47873330022	49856209964	52547684328	56423688392	60406456610	65553554781	70373867341
Brazil	9.9858E+11	1.04742E+12	1.06629E+12	1.14259E+12	1.22916E+12	1.31021E+12	1.36358E+12	1.43401E+12	1.45447E+12	1.48366E+12	1.57983E+12	1.63829E+12	1.71423E+12	1.76836E+12	1.92164E+12	2.04698E+12	2.19346E+12	2.38852E+12	2.55944E+12	2.57563E+12	2.80336E+12	2.97496E+12	3.08796E+12	3.23212E+12	3.30671E+12
Barbados	2400185901	2383353234	2298734647	2372255132	2471194629	2573777298	2724709640	2902708924	3043963674	3100617275	3312386631	3307670217	3385016523	3527478535	3675462175	3944145488	4295766522	4487897874	4594054744	4441886879	4508048680	4622083018	4720458699	4797128257	4884104290
Brunei Darussalam	14162413938	15094182874	16172904606	16608130559	17495082541	18659869331	19547410417	19589467241	19691466873	20603021669	21672273337	22774411459	24019411800	25209794212	26033626781	26975422918	29026929721	29845498470	29840677844	29536750160	30674522788	32480415591	33380677923	33198634079	33000357671
Bhutan	807467719.9	830941297.3	888985219.8	928215150.1	994907511.9	1087506908	1168986422	1252888267	1341385647	1470647931	1608393322	1780002948	2001215501	2197559185	2391126003	2643853103	2911729974	3525063410	3765596226	4046781423	4576726814	5039821055	5392970630	5597477745	6025306502
Botswana	7223077605	8020179344	8442290765	8808767047	9322604958	10186131615	10976756704	12060758338	12279671332	13672861754	14261949629	14623516449	15749209932	16806327456	17735708196	19140535957	21378657605	23764167894	25743618768	23954182468	26323148833	28491602198	30309452916	34292608602	36356472471
Central African Republic	1771362951	1820209677	1742105067	1789534126	1917170137	2098072238	2050916735	2196575882	2324776994	2445325701	2438709624	2605648733	2741329689	2645080017	2880742046	3000438943	3240171990	3479669084	3620805765	3710661655	3870412845	4080711502	4326803265	2783101446	2862513276
Canada	5.58817E+11	5.65143E+11	5.8313E+11	6.12856E+11	6.54022E+11	6.85541E+11	7.09302E+11	7.52319E+11	7.90003E+11	8.43507E+11	8.98025E+11	9.34754E+11	9.67559E+11	1.01962E+12	1.07999E+12	1.16758E+12	1.238E+12	1.29716E+12	1.33906E+12	1.30449E+12	1.36114E+12	1.42747E+12	1.46457E+12	1.55027E+12	1.61756E+12
Central Europe and the Baltics	7.62581E+11	7.12201E+11	7.15601E+11	7.44587E+11	7.91888E+11	8.55303E+11	9.08155E+11	9.50376E+11	9.90502E+11	1.02327E+12	1.08517E+12	1.16348E+12	1.24245E+12	1.31756E+12	1.43375E+12	1.51767E+12	1.68262E+12	1.86206E+12	2.05307E+12	2.04756E+12	2.16951E+12	2.3093E+12	2.38583E+12	2.48589E+12	2.58198E+12
Switzerland	1.85409E+11	1.89826E+11	1.94068E+11	1.98435E+11	2.05231E+11	2.10519E+11	2.15942E+11	2.25412E+11	2.3386E+11	2.41567E+11	2.56829E+11	2.66121E+11	2.74769E+11	2.7676E+11	2.89555E+11	3.01741E+11	3.37617E+11	3.75576E+11	4.02151E+11	4.00819E+11	4.15654E+11	4.44549E+11	4.62615E+11	4.86239E+11	5.06895E+11
Channel Islands																									
Chile	59683808378	66577956636	76846378530	85014003752	92699651308	1.0531E+11	1.16402E+11	1.27188E+11	1.34129E+11	1.3562E+11	1.46095E+11	1.5436E+11	1.61599E+11	1.71564E+11	1.88991E+11	2.06274E+11	2.57426E+11	2.79893E+11	2.75777E+11	2.73078E+11	3.10389E+11	3.50575E+11	3.74242E+11	3.94292E+11	4.05364E+11
China	1.11994E+12	1.26477E+12	1.4775E+12	1.72242E+12	1.98867E+12	2.25244E+12	2.52127E+12	2.80114E+12	3.05346E+12	3.33789E+12	3.70374E+12	4.10407E+12	4.54755E+12	5.10371E+12	5.77428E+12	6.63927E+12	7.71367E+12	9.04594E+12	1.01138E+13	1.11485E+13	1.2485E+13	1.39579E+13	1.53318E+13	1.6788E+13	1.83364E+13
Cote d'Ivoire	25323486247	26177090435	26708332257	27291160591	28098051895	30728041175	33707427086	35567783078	37726550584	38923464148	38985762279	39922605253	39859480456	40101591089	41711816068	43795016422	45824775161	47874676249	50055049171	52075061302	53774598836	52476906029	59165494348	65465432147	72500725109
Cameroon	22870960795	22732166993	22529596386	21236052918	22148623128	23395111632	24861108731	26609431048	28109247371	29764325620	31523323421	33650053716	35614333412	37983514248	41674423401	43884550666	46796801516	50397348456	53178702549	54760660617	57326557791	60926183399	64867501724	69477344512	74885692657
"Congo, Dem. Rep."	28647038672	27107880775	24814605298	21983196056	21575438316	22179609962	22353432059	21458919482	21339495429	20740887191	19746845529	19772687633	20668022936	22255968528	24408873289	26739968621	29028033508	31665924642	34297249204	35544357956	38525355486	42019985293	45857150582	50535145171	56313800269
"Congo, Rep."	8108225097	8578794912	9003534420	9127447278	8809643910	9351800144	9931084314	10037942564	10526124951	10411243514	11454855438	12161409285	12913876062	13278504167	14117964621	15702416661	17194122704	17372426681	18700227525	20249559888	22290682819	23529134689	24873123621	26144458606	28418050783
Colombia	1.66874E+11	1.76355E+11	1.89453E+11	1.98549E+11	2.14607E+11	2.30481E+11	2.39514E+11	2.51969E+11	2.56155E+11	2.49142E+11	2.66074E+11	2.76703E+11	2.87986E+11	3.05238E+11	3.30357E+11	3.57035E+11	3.92652E+11	4.30918E+11	4.54954E+11	4.6598E+11	4.90405E+11	5.33513E+11	5.65313E+11	6.02442E+11	6.40197E+11
Comoros	425629993.7	416067453.8	461855430.5	487057579.3	471175391.6	498367402.8	500910596.1	530017627.9	542641793.7	561546841.4	636628152.2	666326872.6	692284249.7	720945615.1	754989440.2	801393684.9	847878415.9	877408189.3	898200402.5	922669570.5	954485238.6	999520790.7	1048470452	1102692441	1145623715
Cabo Verde	366127313.3	383625991.7	435287089.5	484451749.3	589669857.6	687518032.7	779502548.6	880995510.6	1002030079	1131539591	1322605071	1382934545	1477895455	1570317014	1778025748	1962096115	2183838467	2582078171	2807818687	2793200081	2868785587	3044224922	3133843838	3210020370	3287601951
Costa Rica	15582452255	16515224040	18445152065	20222418026	21579523341	22937551652	23645396863	25388462980	27450643062	28969767627	30735484482	32533176739	34119953252	36281243855	38895503391	41701060169	46093166734	51184898040	54615523831	54496197525	57893323066	61633610782	65779909103	68358928476	72130362839
Caribbean small states	35372137910	37373858902	38334476083	40424449180	42406286900	44618727281	46960226952	49304104207	51244423577	54142662109	57404787168	60037204087	63469359028	69215840553	74410220963	79704791980	88205194329	93681030082	97180530740	94532622546	97213763563	1.00338E+11	1.03461E+11	1.07004E+11	1.09342E+11
Cuba																									
Curacao																									
Cayman Islands																						2823463452			
Cyprus	7642473116	7955251182	8901435006	9177016011	9925281582	10990312352	11308426303	11977943331	12857613634	13651922942	15066652940	16320322475	17006109403	17455192843	18987727362	20804344538	22891371443	25309971660	27393400781	27377919819	27589875428	28242946705	27572480131	26393181699	25902067920
Czech Republic	1.30887E+11	1.19535E+11	1.21641E+11	1.24612E+11	1.30966E+11	1.42016E+11	1.50399E+11	1.51716E+11	1.53327E+11	1.57591E+11	1.66011E+11	1.79497E+11	1.85474E+11	1.98016E+11	2.12167E+11	2.24201E+11	2.43477E+11	2.69009E+11	2.89157E+11	2.88194E+11	2.90083E+11	3.0226E+11	3.05309E+11	3.20535E+11	3.39583E+11
Germany	1.54363E+12	1.67649E+12	1.7477E+12	1.77217E+12	1.85436E+12	1.92593E+12	1.9745E+12	2.02078E+12	2.08169E+12	2.16417E+12	2.24386E+12	2.34694E+12	2.41913E+12	2.47503E+12	2.59337E+12	2.63642E+12	2.82108E+12	2.99816E+12	3.12255E+12	3.03332E+12	3.20775E+12	3.42714E+12	3.50368E+12	3.64778E+12	3.81367E+12
Djibouti	1183577869	1170659299	1197129943	1144466427	1157866325	1140783879	1113803473	1124416526	1137748882	1180331112	1212214273	1265228425	1318290651	1387604062	1480315643	1576376667	1702795706	1837267655	1981958873	2097512651	2197162422	2342710799	2501397365	2668882508	2879792354
Dominica	308516478	320723484.8	334750576.7	348476018.4	360986023.9	375792161.7	392761295.9	405438990.1	430241186.5	439810065.9	451506247.4	463980396.4	462843881.7	508362525.5	539317915.9	556179995.5	590062269.1	644056302.4	703451404.2	700502494.2	713826795.9	726881593.1	732324277.4	739629628.5	786239776.1
Denmark	93693710860	98161557506	1.02364E+11	1.04811E+11	1.12749E+11	1.18586E+11	1.24766E+11	1.31672E+11	1.36809E+11	1.41846E+11	1.5302E+11	1.57946E+11	1.6472E+11	1.65944E+11	1.77919E+11	1.85074E+11	2.02813E+11	2.12787E+11	2.26767E+11	2.2276E+11	2.38781E+11	2.47352E+11	2.50525E+11	2.62368E+11	2.70331E+11
Dominican Republic	24455305078	25507880423	28832165828	31650143261	33068198060	35612427286	38848566911	42676227450	46163701818	50017651924	54049495741	56281394497	60453077324	61502328341	64022542812	72203618703	82363583248	91920694287	96731892071	98388692087	1.07873E+11	1.13516E+11	1.18837E+11	1.26482E+11	1.38549E+11
Algeria	1.71447E+11	1.75028E+11	1.8224E+11	1.82658E+11	1.84866E+11	1.95893E+11	2.07647E+11	2.13525E+11	2.2685E+11	2.37692E+11	2.52386E+11	2.65903E+11	2.8513E+11	3.11759E+11	3.34111E+11	3.65236E+11	3.82798E+11	4.0624E+11	4.23985E+11	4.34178E+11	4.55452E+11	4.78299E+11	5.03548E+11	5.25842E+11	5.55561E+11
East Asia & Pacific (excluding high income)	2.30536E+12	2.56584E+12	2.8941E+12	3.27202E+12	3.69023E+12	4.12737E+12	4.57192E+12	4.96274E+12	5.06047E+12	5.43863E+12	5.97125E+12	6.50384E+12	7.1098E+12	7.86952E+12	8.7918E+12	9.93044E+12	1.13021E+13	1.29849E+13	1.43194E+13	1.5493E+13	1.71861E+13	1.89872E+13	2.07756E+13	2.26105E+13	2.45488E+13
Early-demographic dividend	5.428E+12	5.89113E+12	6.29766E+12	6.79841E+12	7.17583E+12	7.5468E+12	8.1102E+12	8.61063E+12	8.86887E+12	9.25023E+12	9.90134E+12	1.03111E+13	1.06864E+13	1.14732E+13	1.25807E+13	1.38567E+13	1.52873E+13	1.67759E+13	1.78639E+13	1.84592E+13	2.00129E+13	2.15529E+13	2.28063E+13	2.42556E+13	2.59103E+13
East Asia & Pacific	5.81683E+12	6.34573E+12	6.8455E+12	7.4035E+12	8.03696E+12	8.74277E+12	9.4676E+12	1.00741E+13	1.01781E+13	1.07676E+13	1.16888E+13	1.2418E+13	1.32891E+13	1.42766E+13	1.56174E+13	1.71275E+13	1.89482E+13	2.11094E+13	2.26205E+13	2.36488E+13	2.5863E+13	2.80075E+13	3.01401E+13	3.24246E+13	3.45913E+13
Europe & Central Asia (excluding high income)	2.52456E+12	2.46287E+12	2.26059E+12	2.17392E+12	1.97092E+12	1.97065E+12	2.00524E+12	2.09251E+12	2.1102E+12	2.1784E+12	2.43276E+12	2.57747E+12	2.75754E+12	3.04766E+12	3.41413E+12	3.83425E+12	4.59137E+12	5.12336E+12	5.89419E+12	5.71792E+12	6.15175E+12	7.01866E+12	7.42598E+12	7.76178E+12	7.99879E+12
Europe & Central Asia	9.7496E+12	1.00359E+13	1.01033E+13	1.02008E+13	1.04104E+13	1.08209E+13	1.12193E+13	1.17352E+13	1.21798E+13	1.2676E+13	1.36738E+13	1.4383E+13	1.50954E+13	1.57074E+13	1.67308E+13	1.76889E+13	1.96309E+13	2.10991E+13	2.26325E+13	2.20879E+13	2.31296E+13	2.47456E+13	2.54871E+13	2.65066E+13	2.73145E+13
Ecuador	49347419556	53178108422	55540310861	57983766615	61739377828	64446776916	66759716909	70841032129	73948995263	71522291125	73948445631	78670825175	83150964937	87118288145	96863794837	1.05271E+11	1.13283E+11	1.18845E+11	1.28879E+11	1.30594E+11	1.36849E+11	1.50664E+11	1.62096E+11	1.72862E+11	1.82631E+11
"Egypt, Arab Rep."	2.19274E+11	2.29017E+11	2.44619E+11	2.57703E+11	2.73644E+11	2.92321E+11	3.12506E+11	3.35309E+11	3.52629E+11	3.79884E+11	4.09385E+11	4.33517E+11	4.50606E+11	4.74263E+11	5.07234E+11	5.47005E+11	6.02454E+11	6.62339E+11	7.2367E+11	7.63245E+11	8.12317E+11	8.43842E+11	8.78427E+11	9.12122E+11	9.55565E+11
Euro area	5.28479E+12	5.60887E+12	5.81762E+12	5.91556E+12	6.19045E+12	6.4773E+12	6.69716E+12	6.98791E+12	7.32906E+12	7.63955E+12	8.14189E+12	8.55903E+12	8.93326E+12	9.11734E+12	9.53354E+12	9.92311E+12	1.0768E+13	1.14515E+13	1.19533E+13	1.16884E+13	1.20522E+13	1.25577E+13	1.27088E+13	1.31506E+13	1.35097E+13
Eritrea			2366643661	2748954780	3403238017	3573524893	3975668545	4363516718	4489058413	4558369853	4515614054	5022891985	5253276514	5215746473	5436965860	5756383486	5875729017	6118169293	5627900639	5890463355	6093233053	6758835465			
Spain	5.29934E+11	5.61514E+11	5.79651E+11	5.87321E+11	6.14115E+11	6.44211E+11	6.74634E+11	7.15449E+11	7.648E+11	8.03988E+11	8.73445E+11	9.36694E+11	1.0094E+12	1.05698E+12	1.1241E+12	1.2093E+12	1.36829E+12	1.47401E+12	1.53779E+12	1.50147E+12	1.48833E+12	1.49896E+12	1.49619E+12	1.52E+12	1.56685E+12
Estonia						9027077359	9660042195	10970181292	11586571956	11633853162	13159259164	14313345219	15987498483	17906822948	19654230830	22375658815	25940225107	29442013193	30303860344	27355830719	28763509232	32579424941	34419815454	36239295476	37515048682
Ethiopia	20262639542	19442704017	18161308671	21037115182	22170170867	24019382188	27497046129	28844139464	28148876686	30054968063	32605713536	36117148604	37227065858	37148739297	43350919345	50034195898	57158998048	65402691970	73880033926	80993822423	92272352853	1.04705E+11	1.15855E+11	1.30184E+11	1.46114E+11
European Union	7.16758E+12	7.48954E+12	7.73416E+12	7.91025E+12	8.30925E+12	8.71974E+12	9.07807E+12	9.48709E+12	9.90841E+12	1.03151E+13	1.10267E+13	1.15952E+13	1.21363E+13	1.24723E+13	1.3132E+13	1.3653E+13	1.48246E+13	1.57611E+13	1.65337E+13	1.61804E+13	1.67832E+13	1.75024E+13	1.78179E+13	1.84849E+13	1.90554E+13
Fragile and conflict affected situations	4.75341E+11	3.83703E+11	4.19816E+11	4.63182E+11	4.91386E+11	5.1957E+11	5.66583E+11	6.24936E+11	7.14994E+11	7.84401E+11	8.21669E+11	8.66431E+11	8.77484E+11	8.47013E+11	1.00283E+12	1.10553E+12	1.21981E+12	1.32068E+12	1.42326E+12	1.5046E+12	1.61987E+12	1.56911E+12	1.70752E+12	1.8383E+12	1.93697E+12
Finland	90548294248	88028553960	87041886831	88458273027	93899549992	99890841312	1.02765E+11	1.11887E+11	1.2131E+11	1.27942E+11	1.38457E+11	1.44194E+11	1.48566E+11	1.51088E+11	1.62749E+11	1.6784E+11	1.80988E+11	1.99367E+11	2.12373E+11	2.01933E+11	2.07965E+11	2.19214E+11	2.19916E+11	2.24594E+11	2.2649E+11
Fiji	2774422653	2789366812	3026981941	3165011474	3397217852	3554774602	3793413053	3773454002	3863992994	4268359405	4291273557	4476848754	4691032350	4832419843	5228458717	5434468467	5705195368	5807206778	5982274667	5944159874	6194534328	6493459112	6706403173	7137335543	7672546781
France	1.03281E+12	1.07828E+12	1.1205E+12	1.14013E+12	1.1917E+12	1.24192E+12	1.28115E+12	1.34027E+12	1.4119E+12	1.47804E+12	1.59643E+12	1.69589E+12	1.77007E+12	1.75882E+12	1.82843E+12	1.93351E+12	2.06953E+12	2.18667E+12	2.26319E+12	2.24698E+12	2.3405E+12	2.44756E+12	2.47178E+12	2.60614E+12	2.65936E+12
Faroe Islands																									
"Micronesia, Fed. Sts."	169418192.8	188059402.5	200055582.7	221488745.7	224993221.2	245956826.9	242654114.2	231836471.8	241279300.9	248361447.8	265604105.3	276403331.9	282330064.3	293565970.3	292194649.1	307799506.4	316841224	318890249.2	317934806	324120442.3	334778100.2	353126615.3	352476597.3	344349074	342971406.4
Gabon	12001643532	13159138687	13043201872	13880538305	14702252302	15755413270	16624604705	17879443734	18702047116	17292100008	17352571543	18126981092	18359417653	19146338884	19808462310	20993000555	21030671546	22887542788	22564437887	22765432091	24677232639	26972902291	28912216415	31035756977	32955844420
United Kingdom	9.69455E+11	9.9084E+11	1.01722E+12	1.06773E+12	1.13277E+12	1.18495E+12	1.26488E+12	1.33732E+12	1.37157E+12	1.41843E+12	1.54568E+12	1.62358E+12	1.71028E+12	1.79205E+12	1.90359E+12	1.95923E+12	2.09926E+12	2.16403E+12	2.24097E+12	2.15411E+12	2.25177E+12	2.31578E+12	2.40186E+12	2.52076E+12	2.63022E+12
Georgia	24849717235	20259029237	11417185094	8264002483	7562125375	7920562507	8968454365	10081491395	10507319052	10974210430	11430264971	12252542746	13121614735	14863202460	16166424574	18288455454	20619103698	23780806468	24808387589	24084382902	25902054123	28345977228	30701389989	32253883092	34350701514
Ghana	18149263621	19743884357	20977364412	22518079717	23756204994	25249013427	26893237983	28501368103	30164895559	31974081280	33911619210	36071808657	38273705766	41066824046	44559025835	48706349584	53415669802	57220916134	63681669732	67274583969	73475667938	85526138706	95195498334	1.03807E+11	1.09881E+11
Gibraltar																									
Guinea	5512976581	5845349761	6174154238	6639896587	7050422865	7529107872	8008604901	8567748912	8976338474	9461120161	9918616222	10515778161	11228644577	11595546751	12193202703	12962758670	13694597311	14974524377	15900667606	15775087615	16660957765	17938470685	19349571266	20435502706	21573656298
"Gambia, The"	892632672.3	951001659.8	1005544063	1060477220	1084717224	1117105984	1162792167	1240645363	1298003359	1402210467	1512994538	1637227691	1608334432	1753101382	1928298909	1971601997	2055018538	2186313585	2357037255	2528113655	2725998104	2662777504	2863683087	3049286134	3131946991
Guinea-Bissau	1029736756	1118276275	1156349395	1208723072	1273948588	1357741873	1542901445	1671313297	1214715847	1245952913	1343461180	1404154601	1411664347	1447999216	1528899715	1645406603	1735130270	1838399691	1934583033	2013828632	2134722285	2354948198	2357250992	2473310462	2541982699
Equatorial Guinea	275747981.9	282013662.1	388662508.6	441812042.5	526426574.5	631378384	1070950355	2722904769	3406837252	4346684149	5255304481	8781778849	10652011228	12380575098	17554826863	21154488253	23484422402	27793851199	33383158834	34088542632	31425606407	34166939303	37688884732	36714650895	37528682711
Greece	1.35597E+11	1.44454E+11	1.48781E+11	1.49883E+11	1.56135E+11	1.62738E+11	1.71075E+11	1.828E+11	1.93171E+11	1.98712E+11	2.10884E+11	2.27899E+11	2.46559E+11	2.60837E+11	2.78769E+11	2.81028E+11	3.14336E+11	3.23575E+11	3.41818E+11	3.37208E+11	3.13353E+11	2.90297E+11	2.79267E+11	2.86169E+11	2.92336E+11
Grenada	450648632.3	472100312.2	478752203.1	480541973	499079985	520338625.2	553353124.9	591052180.3	667627079.8	724672198.9	777389914.8	779013712.6	818160829.1	913449948	932490517.7	1090247224	1078875065	1175404170	1209835050	1138397889	1146410373	1179028541	1186874683	1234412549	1348837723
Greenland																									
Guatemala	30540958400	32711970709	35076451412	37321284747	39653013271	42483221260	44538274520	47277505397	50177023737	52904775441	56061343668	58676399101	61880781025	64712019570	68587283625	73102142991	79401591855	86653470298	91252281019	92428615551	96242501056	1.02318E+11	1.07297E+11	1.13061E+11	1.19895E+11
Guam																									
Guyana	1365917581	1495848054	1649763625	1827748838	2025745755	2171113040	2385031441	2576907851	2560367884	2676753288	2699973175	2823636683	2897115037	2925181003	3104618033	3141803930	3404448151	3740415572	3889173156	4057893972	4277439725	4592610458	4923992558	5254574082	5557394305
High income	1.82434E+13	1.91791E+13	2.00748E+13	2.08665E+13	2.20251E+13	2.31587E+13	2.43394E+13	2.56135E+13	2.66277E+13	2.79076E+13	2.98581E+13	3.10448E+13	3.22594E+13	3.356E+13	3.56763E+13	3.76674E+13	4.03704E+13	4.264E+13	4.40316E+13	4.3163E+13	4.50851E+13	4.71169E+13	4.87079E+13	5.0658E+13	5.24322E+13
"Hong Kong SAR, China"	99454290871	1.08624E+11	1.18027E+11	1.28329E+11	1.3897E+11	1.45237E+11	1.54186E+11	1.64822E+11	1.5681E+11	1.63201E+11	1.79706E+11	1.84832E+11	1.90778E+11	2.0053E+11	2.2397E+11	2.48256E+11	2.73878E+11	2.99344E+11	3.11711E+11	3.06355E+11	3.31083E+11	3.54188E+11	3.66845E+11	3.84332E+11	4.02037E+11
Honduras	10158204332	10837665416	11708152670	12733496747	12835000626	13635056695	14383135404	15359849531	15977059165	15915047569	17212835067	18084519376	19051516028	20314967764	22174477022	24272830901	26661586554	29064956818	30889137475	30366907263	31884663509	33791210423	35834494560	37429721100	39266636141
Heavily indebted poor countries (HIPC)	3.37995E+11	3.52783E+11	3.59148E+11	3.72463E+11	3.82598E+11	4.09107E+11	4.39823E+11	4.66807E+11	4.88185E+11	5.11714E+11	5.38815E+11	5.75703E+11	6.04561E+11	6.44869E+11	6.99925E+11	7.67612E+11	8.39963E+11	9.21418E+11	9.9673E+11	1.04868E+12	1.12277E+12	1.20293E+12	1.29726E+12	1.39591E+12	1.50145E+12
Croatia						36729395174	39516160347	42839052302	44250441906	44395625703	47593876987	50212111877	54539766371	58259998877	62557035620	66005278329	75156886024	83285887079	89785437046	86133519624	84763800256	88627869347	90186303633	92184615969	92595343542
Haiti							10153768315	10606881041	10955929715	11425067490	11786714053	11929418892	12082091567	12367846442	12260241654	12883151162	13577629101	14404994328	14811519348	15384147158	14715922850	15849403538	16607051385	17589763725	18408612238
Hungary		86216073089	85479374145	87008981707	91479508060	94778504735	96291604656	1.01031E+11	1.06803E+11	1.11535E+11	1.21266E+11	1.34904E+11	1.47804E+11	1.56676E+11	1.64255E+11	1.72305E+11	1.84309E+11	1.9133E+11	2.07576E+11	2.06948E+11	2.15559E+11	2.27766E+11	2.29106E+11	2.42016E+11	2.51839E+11
IBRD only	9.77811E+12	1.02304E+13	1.06952E+13	1.14731E+13	1.21108E+13	1.28684E+13	1.38128E+13	1.47635E+13	1.52695E+13	1.61181E+13	1.74324E+13	1.85019E+13	1.96253E+13	2.12143E+13	2.35202E+13	2.61329E+13	2.95439E+13	3.31197E+13	3.61523E+13	3.76453E+13	4.1155E+13	4.50361E+13	4.81668E+13	5.14076E+13	5.4721E+13
IDA & IBRD total	1.08453E+13	1.13522E+13	1.18611E+13	1.26895E+13	1.33787E+13	1.42088E+13	1.52457E+13	1.62682E+13	1.68403E+13	1.77656E+13	1.91899E+13	2.03745E+13	2.15939E+13	2.33363E+13	2.59385E+13	2.8784E+13	3.24648E+13	3.63198E+13	3.95836E+13	4.12719E+13	4.50412E+13	4.91806E+13	5.25885E+13	5.6158E+13	5.98323E+13
IDA total	1.08764E+12	1.14358E+12	1.18816E+12	1.23759E+12	1.28912E+12	1.36245E+12	1.4561E+12	1.52787E+12	1.5956E+12	1.673E+12	1.78341E+12	1.90066E+12	1.99724E+12	2.1526E+12	2.45584E+12	2.69076E+12	2.96159E+12	3.2418E+12	3.47341E+12	3.67278E+12	3.9333E+12	4.19115E+12	4.47118E+12	4.80467E+12	5.17146E+12
IDA blend	5.47125E+11	5.76015E+11	6.0157E+11	6.23763E+11	6.50803E+11	6.81005E+11	7.26221E+11	7.52777E+11	7.81433E+11	8.11598E+11	8.63072E+11	9.10155E+11	9.51737E+11	1.02776E+12	1.22349E+12	1.33152E+12	1.46525E+12	1.59354E+12	1.68701E+12	1.7823E+12	1.90094E+12	2.02805E+12	2.15707E+12	2.30763E+12	2.48444E+12
Indonesia	5.42412E+11	5.99205E+11	6.52685E+11	7.11624E+11	7.81567E+11	8.63452E+11	9.47954E+11	1.00949E+12	8.86497E+11	9.07184E+11	9.73477E+11	1.03194E+12	1.09492E+12	1.17014E+12	1.26281E+12	1.37764E+12	1.49807E+12	1.63553E+12	1.76789E+12	1.86377E+12	2.00395E+12	2.17152E+12	2.34488E+12	2.51516E+12	2.68848E+12
IDA only	5.33175E+11	5.59712E+11	5.77896E+11	6.05246E+11	6.29218E+11	6.7288E+11	7.20984E+11	7.67118E+11	8.06535E+11	8.54529E+11	9.13314E+11	9.84338E+11	1.03965E+12	1.11832E+12	1.21925E+12	1.34589E+12	1.48167E+12	1.63335E+12	1.7727E+12	1.87612E+12	2.01767E+12	2.14723E+12	2.29777E+12	2.48044E+12	2.66909E+12
Isle of Man																									
India	9.86925E+11	1.03055E+12	1.11183E+12	1.19236E+12	1.29882E+12	1.42635E+12	1.56203E+12	1.65311E+12	1.77439E+12	1.96091E+12	2.08256E+12	2.23277E+12	2.35329E+12	2.58888E+12	2.87082E+12	3.23832E+12	3.64702E+12	4.11105E+12	4.35479E+12	4.75995E+12	5.31242E+12	5.78204E+12	6.20985E+12	6.71311E+12	7.34646E+12
Not classified																									
Ireland	48301136497	50871916850	53771112332	56532810946	61059073004	68337941522	74477052919	83091904863	92962221942	1.01361E+11	1.14814E+11	1.25934E+11	1.38447E+11	1.44815E+11	1.5745E+11	1.68219E+11	1.8894E+11	2.05658E+11	1.988E+11	1.88732E+11	1.97449E+11	2.06779E+11	2.133E+11	2.22254E+11	2.37518E+11
"Iran, Islamic Rep."	4.0029E+11	4.6621E+11	4.92563E+11	4.96864E+11	4.98821E+11	5.21451E+11	5.6469E+11	5.82111E+11	6.00667E+11	6.22073E+11	6.73419E+11	7.05242E+11	7.73919E+11	8.57546E+11	9.19337E+11	9.79187E+11	1.05973E+12	1.17666E+12	1.20276E+12	1.2241E+12	1.31089E+12	1.37335E+12	1.29453E+12	1.31288E+12	1.39796E+12
Iraq	1.30089E+11	48327715201	65539494549	87422977905	92724914782	96665644785	1.09278E+11	1.34754E+11	1.83698E+11	2.19301E+11	2.27446E+11	2.37992E+11	2.24972E+11	1.53505E+11	2.43147E+11	2.62015E+11	2.97499E+11	3.09624E+11	3.41673E+11	3.55902E+11	3.83314E+11	4.20752E+11	4.8822E+11	5.28709E+11	5.41965E+11
Iceland	5642395983	5817171872	5749038011	5963130042	6309814020	6448925929	6720597485	7307375952	7831688867	8152438497	8300022350	8996967496	9255816666	9352359121	10305075816	10968632156	11758109212	12690831452	13546447208	13063050584	12255813954	12639952184	13051870459	13863990529	14583740176
Israel	70125850308	78058353984	86032542563	91705491257	1.00614E+11	1.09494E+11	1.18198E+11	1.25081E+11	1.317E+11	1.38425E+11	1.56818E+11	1.60541E+11	1.65653E+11	1.59209E+11	1.71778E+11	1.72005E+11	1.81111E+11	1.97426E+11	2.00257E+11	2.05843E+11	2.19776E+11	2.3731E+11	2.50827E+11	2.75062E+11	2.80045E+11
Italy	1.05254E+12	1.10431E+12	1.13891E+12	1.15606E+12	1.20606E+12	1.26676E+12	1.30569E+12	1.35445E+12	1.41849E+12	1.45317E+12	1.53874E+12	1.59276E+12	1.63426E+12	1.66663E+12	1.69929E+12	1.74209E+12	1.88015E+12	1.98635E+12	2.08264E+12	2.03925E+12	2.07721E+12	2.15829E+12	2.15755E+12	2.17632E+12	2.19271E+12
Jamaica	11415802045	12366486436	12895731328	14445852595	14957374898	15628160242	15895362086	15983028944	15779303946	16188623593	16702485866	17312874882	17929745849	18957744652	19736878574	20554023907	21799692476	22700324871	22957735785	22128953545	22070786541	22916504000	23193014437	23685124441	24274811682
Jordan	14459793043	15213599133	18464724045	19779478509	21207693521	22989361628	23897672820	25110721407	26143195531	27448256609	29264608943	31508497418	33842774283	35953913701	40107524045	44770564814	49880787440	55394928323	60566539384	64368668624	66660818922	69797089967	72967314252	76243151672	80014575365
Japan	2.40661E+12	2.56939E+12	2.64948E+12	2.71716E+12	2.79895E+12	2.93568E+12	3.08193E+12	3.16843E+12	3.16666E+12	3.20702E+12	3.40432E+12	3.49605E+12	3.58886E+12	3.69381E+12	3.87906E+12	4.04573E+12	4.23183E+12	4.41632E+12	4.45643E+12	4.25022E+12	4.48249E+12	4.57319E+12	4.7467E+12	4.96705E+12	4.98657E+12
Kazakhstan	1.37895E+11	1.26811E+11	1.22828E+11	1.14181E+11	1.01918E+11	95512194577	97742099828	1.01105E+11	1.0026E+11	1.04543E+11	1.174E+11	1.36286E+11	1.51939E+11	1.69381E+11	1.90746E+11	2.15982E+11	2.46437E+11	2.75513E+11	2.90187E+11	2.959E+11	3.21378E+11	3.52286E+11	3.75997E+11	4.04994E+11	4.29577E+11
Kenya	36005634329	37739210362	38290894122	39340394775	41235400562	43950253812	46608407120	47631244242	49732342814	51657477004	53149789909	56415816705	57595121145	60466241978	65300140077	71382429864	78337657727	85932013535	87821187275	91414381167	1.00306E+11	1.08633E+11	1.15683E+11	1.24463E+11	1.33477E+11
Kyrgyz Republic	9861724968	9389952233	8270129215	7157972084	5842017243	5640393525	6150250536	6875756859	7097851984	7469925417	8054497779	8676446671	8808112186	9615335191	10573964872	10895037131	11578209850	12901780542	14260084575	14783094423	14893084056	16105958461	16388179551	18470586534	19558676116
Cambodia				7075818112	7883964711	8566949228	9195480417	9878472842	10485865542	11914285530	13253748704	14660366486	15864724245	17557421178	19905653510	23268527558	26566670712	30059045877	32699568535	32976465254	35369652416	38652011936	42242827359	46113481996	50260518428
Kiribati	91784897.52	94839969.84	97852788.74	101052101.3	104981979.8	107171564.5	110977666.4	114758337.4	123610563.3	123571399.7	134282247.1	135322665.1	142604011.7	148365767.3	149961527.3	162451216.3	164794889.3	172906284.1	173041039.6	174860147.7	174150347.2	178593470.6	191318991	205649846.8	211210096.6
St. Kitts and Nevis	378102942.7	382294761.9	407733918.2	446677850.7	480421494.8	518655766.2	559210332.5	608006288.3	610503373	640849522.1	725526203	782604761.8	815137120.6	801334970.7	853065722.4	957748009.2	1005060470	1029986946	1116268444	1090777985	1079267843	1127973938	1141852965	1232463032	1329393148
"Korea, Rep."	3.54788E+11	4.04554E+11	4.39329E+11	4.80577E+11	5.35989E+11	5.99535E+11	6.56843E+11	7.0765E+11	6.76192E+11	7.64178E+11	8.50052E+11	9.08768E+11	9.89824E+11	1.02367E+12	1.10336E+12	1.16589E+12	1.25105E+12	1.35452E+12	1.40571E+12	1.39641E+12	1.5053E+12	1.55945E+12	1.61127E+12	1.64478E+12	1.70446E+12
Kuwait			58504973655	80256216410	88878809036	95140584315	97463657961	1.01584E+11	1.06446E+11	1.06142E+11	1.13654E+11	1.17091E+11	1.22455E+11	1.46529E+11	1.66762E+11	1.89471E+11	2.09978E+11	2.28483E+11	2.38742E+11	2.23533E+11	2.20907E+11	2.47177E+11	2.68411E+11	2.7588E+11	2.82236E+11
Latin America & Caribbean (excluding high income)	2.4282E+12	2.6115E+12	2.75357E+12	3.07952E+12	3.29347E+12	3.36347E+12	3.52851E+12	3.7754E+12	3.89432E+12	3.97177E+12	4.21309E+12	4.32468E+12	4.39853E+12	4.56755E+12	4.98443E+12	5.41404E+12	5.91947E+12	6.43903E+12	6.86964E+12	6.8432E+12	7.34736E+12	7.90276E+12	8.25937E+12	8.62929E+12	8.89752E+12
Lao PDR	4701178301	5066369988	5469964525	5931218913	6551671040	7158590341	7794298749	8472497130	8904249060	9701046592	10497139171	11353850879	12210468086	13209533226	14435673213	15959200083	17867336254	19736320797	21698112941	23503001198	25818610471	28469987708	31321540191	34381946783	37663101157
Lebanon	13727825626	19603436275	20952557674	22952212685	25316657493	27533616965	29476341325	29295232528	30677056095	31005396959	32137146916	34141984947	35849990823	37743152899	41074402166	43554407240	45591257337	51180590876	57650299423	63928572299	69910216564	72008412533	75391334623	78628500184	81642756484
Liberia									1179366883	1457750349	1917562920	2018505980	2126610150	1515161268	1597622188	1736129144	1933397444	2174105132	2375182613	2520063637	2706442396	2988830567	3287228377	3631054395	3722135735
Libya										87760272076	93059636020	93502458877	94027527245	1.08385E+11	1.16334E+11	1.34331E+11	1.47459E+11	1.61E+11	1.68537E+11	1.68475E+11	1.79095E+11	69322560014			
St. Lucia	854446850.1	886219241.9	979230739.9	1005634055	1043409272	1083247866	1134984717	1144807384	1230981736	1283224374	1309603372	1288783247	1312651552	1401786533	1550498503	1592561236	1753650766	1836143816	1969248342	1968342876	1994983349	2105522739	2130152946	2168196780	2187202936
Latin America & Caribbean	2.58405E+12	2.77975E+12	2.93862E+12	3.2794E+12	3.50913E+12	3.59798E+12	3.7814E+12	4.04959E+12	4.18481E+12	4.27185E+12	4.53197E+12	4.66153E+12	4.74568E+12	4.93225E+12	5.38651E+12	5.84374E+12	6.41353E+12	6.96648E+12	7.40064E+12	7.37016E+12	7.92127E+12	8.52241E+12	8.9115E+12	9.3105E+12	9.59572E+12
Least developed countries: UN classification	4.33789E+11	4.56152E+11	4.72499E+11	4.87952E+11	5.11433E+11	5.49778E+11	5.91698E+11	6.31062E+11	6.64541E+11	7.05557E+11	7.5613E+11	8.16374E+11	8.5961E+11	9.2746E+11	1.01599E+12	1.13362E+12	1.26151E+12	1.40951E+12	1.53999E+12	1.63327E+12	1.75662E+12	1.86504E+12	1.99015E+12	2.14777E+12	2.31155E+12
Low income	2.39161E+11	2.48747E+11	2.46983E+11	2.5512E+11	2.65589E+11	2.8169E+11	3.04222E+11	3.20158E+11	3.33081E+11	3.49873E+11	3.66197E+11	3.9298E+11	4.07459E+11	4.29444E+11	4.66736E+11	5.11908E+11	5.55381E+11	6.0817E+11	6.53308E+11	6.95027E+11	7.49676E+11	8.10529E+11	8.59395E+11	9.26528E+11	1.00159E+12
Liechtenstein																									
Sri Lanka	40460953521	43730850593	46695733107	51105442460	55115801677	59359980685	62740466923	67901831507	71863678738	76101245954	82502947379	83079044368	87698790040	94760978602	1.02668E+11	1.12586E+11	1.24944E+11	1.36987E+11	1.47985E+11	1.54386E+11	1.68798E+11	1.86763E+11	2.07597E+11	2.18113E+11	2.33041E+11
Lower middle income	3.46508E+12	3.6262E+12	3.80924E+12	3.98471E+12	4.20661E+12	4.51187E+12	4.86688E+12	5.14607E+12	5.25091E+12	5.59118E+12	5.97225E+12	6.37251E+12	6.71747E+12	7.28628E+12	8.09367E+12	8.93613E+12	9.9131E+12	1.0985E+13	1.17422E+13	1.24466E+13	1.35359E+13	1.45569E+13	1.55813E+13	1.67094E+13	1.79885E+13
Low & middle income	1.05653E+13	1.1075E+13	1.15623E+13	1.23699E+13	1.30322E+13	1.38273E+13	1.48312E+13	1.58179E+13	1.63625E+13	1.72687E+13	1.86655E+13	1.9828E+13	2.10197E+13	2.27379E+13	2.52874E+13	2.81012E+13	3.16894E+13	3.54682E+13	3.86838E+13	4.03473E+13	4.40209E+13	4.80646E+13	5.14231E+13	5.49472E+13	5.85882E+13
Lesotho	1429993701	1580529203	1729011855	1832277681	1983170624	2091159293	2248514127	2371698853	2434302206	2483320081	2638260759	2794489282	2857926208	3047828478	3184634240	3401039324	3653815495	3932342969	4279700570	4405100228	4729648138	5160445697	5570732655	5765029641	6051691184
Late-demographic dividend	5.27447E+12	5.52131E+12	5.69996E+12	6.09446E+12	6.51212E+12	7.03156E+12	7.53039E+12	8.06154E+12	8.35483E+12	8.85635E+12	9.69911E+12	1.04379E+13	1.12721E+13	1.23475E+13	1.37263E+13	1.53129E+13	1.75487E+13	1.98702E+13	2.20155E+13	2.30155E+13	2.52113E+13	2.79088E+13	3.00889E+13	3.21906E+13	3.42139E+13
Lithuania						21497362035	22971054060	25264452118	27530997912	27565410993	29593201973	32832175942	36132745248	41210777124	44023839046	48263486764	53910013524	61692669190	66344316971	57383687202	62287390902	69205546062	73672529141	78853644708	82617573838
Luxembourg	11333417789	12722937024	13249759568	14134826208	14987207529	16195017071	17121887905	17963533481	18839812308	21794057204	24144884462	24699518414	26222378150	27113695591	29352210437	31733108754	36847477559	40303697256	42362971851	40949340075	43444349170	47690524462	48646428611	51940075107	56544292859
Latvia						13687492831	14240108462	15768732196	17041060385	17702202372	18983135160	21134251974	23263447911	25226613899	27652472061	31002069415	34949366683	39883423462	42310207273	36127421719	36866059705	40727416409	43234809112	45639548608	47467991517
"Macao SAR, China"	8973114735	9611121226	11137559846	11993871759	12770065103	13466037510	13654461225	13849399943	13359743412	13244287037	14324060238	15073620013	16674411675	18988842309	24731152194	27584353216	32217211172	37853195049	39905577264	40739811131	51655474360	64148218365	71364613280	80639174985	81100311815
St. Martin (French part)																									
Morocco	63455192137	70298701149	70392896349	71533999817	80791543783	78018364844	89271970321	89382747740	96893013106	99439557520	1.03648E+11	1.1377E+11	1.19122E+11	1.2874E+11	1.38625E+11	1.47796E+11	1.63875E+11	1.74178E+11	1.88114E+11	1.97587E+11	2.07631E+11	2.23035E+11	2.3398E+11	2.48542E+11	2.59757E+11
Monaco																									
Moldova						6981299770	6690961782	6917568444	6535169731	6411689157	6695803758	7266146572	7953150855	8647116067	9542369318	10588113871	11437252576	12093885454	13292948029	12590265305	13648863033	14877946210	15045941577	16726094467	17843534480
Madagascar	12393037517	11997571353	12416615544	12978554803	13245264195	13753034782	14305040074	15087269779	15850726149	16843098435	18046352734	19568357859	17350632424	19428208368	21011855585	22686215320	24557642398	26784528829	29256730053	28295673249	28716620554	29735787033	31200372029	32419256006	34095343640
Maldives												2155584694	2306711672	2695041715	2936231419	2632805360	3422277704	3784371648	4224608006	3948981686	4287615206	4751030614	4960351846	5407461641	5907966729
Middle East & North Africa	1.9571E+12	2.08881E+12	2.23587E+12	2.33531E+12	2.43632E+12	2.55551E+12	2.73198E+12	2.87656E+12	3.04798E+12	3.1666E+12	3.41668E+12	3.5551E+12	3.68334E+12	3.93668E+12	4.36976E+12	4.72267E+12	5.14262E+12	5.55445E+12	5.91053E+12	6.01205E+12	6.39392E+12	6.72808E+12	7.02349E+12	7.34759E+12	7.71063E+12
Mexico	5.15305E+11	5.54939E+11	5.88185E+11	7.67359E+11	8.20442E+11	7.53396E+11	8.02928E+11	8.74166E+11	9.23157E+11	9.83349E+11	1.06083E+12	1.07384E+12	1.09259E+12	1.13177E+12	1.21233E+12	1.32476E+12	1.46404E+12	1.55198E+12	1.64091E+12	1.62773E+12	1.73219E+12	1.89626E+12	1.98848E+12	2.0443E+12	2.14532E+12
Marshall Islands	88894677.85	91934277.77	100744458.8	109336360.8	118226428.6	130604978.9	119287449.6	113508586.8	111476983.7	110469770.1	119639046.1	128928405.6	134331968.8	137243724.3	141184706.5	149976138.6	156804716.2	166858614	167333280.1	165845759.1	178705121.8	184595346.9	194496328.7	203290046	205372034.8
Middle income	1.03358E+13	1.0836E+13	1.13232E+13	1.21217E+13	1.27732E+13	1.35526E+13	1.45349E+13	1.55056E+13	1.60378E+13	1.69275E+13	1.83068E+13	1.94436E+13	2.062E+13	2.23157E+13	2.48277E+13	2.75964E+13	3.11399E+13	3.48652E+13	3.80352E+13	3.96578E+13	4.32769E+13	4.72598E+13	5.05695E+13	5.40273E+13	5.75944E+13
"Macedonia, FYR"	10493860518	10174044443	9722794530	9210624614	9241254600	9328833907	9611711396	9916991875	10389408517	10977871178	12465511357	12326246839	12919286114	13351787233	14569293018	15987152299	17713956276	19087462440	21537258501	22578432547	23367894478	24064204652	24558686380	26269590823	27776150896
Mali	6958405978	8034499631	7953151692	8400667890	8903742638	9173161751	9999677015	10661973314	11593733380	12442221723	12717605481	15007480244	15711198784	17485768802	18246857073	20064730486	21645367415	22997754841	24568186514	25913057622	27649470569	29134739169	29423309954	30587235765	33329208907
Malta	3309135482	3633207503	3890344682	4161370197	4490097662	4874470394	5194079556	5789052130	6108989573	6574201532	7576548291	7718132249	8141789362	8344773774	8590621262	8978269841	9414073273	10122976033	10722892168	10780055313	11538270168	11909398785	12356187048	13233263313	14419228784
Myanmar	19508994883	20027200667	22462652285	24385986578	26767334772	29224212595	31674921160	34037811255	36425608915	41030879558	47732962610	54358973914	61830747862	71794222735	83774792580	98203482601	1.14456E+11	1.31593E+11	1.47934E+11	1.64783E+11	1.82865E+11	1.97077E+11	2.15424E+11	2.37348E+11	2.60915E+11
Middle East & North Africa (excluding high income)	1.17914E+12	1.19644E+12	1.28179E+12	1.33444E+12	1.38236E+12	1.45105E+12	1.57035E+12	1.65858E+12	1.786E+12	1.9041E+12	2.03327E+12	2.13932E+12	2.25114E+12	2.35516E+12	2.61029E+12	2.81626E+12	3.06384E+12	3.33638E+12	3.5251E+12	3.64583E+12	3.88387E+12	3.94201E+12	4.02654E+12	4.18311E+12	4.39299E+12
Montenegro											3630733973	4117312146	4329142308	4489196227	4807462111	5106776893	6365444367	7640011575	8524381646	8051715192	8454097514	8974076920	8603921780	9237436049	9557934927
Mongolia	7231401440	6822509264	6332112691	6277344735	6547768859	7110555824	7402191724	7822259414	8171244799	8551017898	8845827991	9314559640	9905173528	10810344656	12287826475	13603201486	15220808748	17227228991	19128524358	19029285888	20487738302	24526362242	28055413600	31829443015	34955544384
Northern Mariana Islands																									
Mozambique	3241159313	3513144741	3405254983	3791921568	4111127957	4290769849	5541999144	6247999794	7064822987	7734074558	8042835633	9272566293	10242864498	11126238702	12325168039	13831168695	15660475302	17271159861	18820849624	20168259027	21779856569	23811739934	25995950739	28302319048	30954841952
Mauritania	3682846139	3873474561	4036020974	4374750005	4331101563	4855610367	5231949586	5106256282	5305053431	5801668944	5908148109	6164176308	6300425401	6810225542	7399663013	8322820117	10197208678	10763578502	11093241544	11061008925	11730570519	12535969842	13506740050	14560755248	15649077478
Mauritius	5054961012	5454888990	5942594765	6393176561	6799290214	7238717572	7782736612	8366155646	8970339845	9345394665	10420819348	10932598321	11335014132	11983811348	13020828218	13606631263	15222124852	16522211174	17753817486	18481668540	19526254956	20742028226	21862630846	22962252089	24249619669
Malawi	4539455086	5100047457	4833795068	5428433841	4976246739	5929864970	6479907674	6840762725	7184359413	7516216227	7808406247	7589033957	7836529182	8448833988	9151715082	9754954028	10527220879	11844894661	12999915354	14189510517	15350123280	16427533196	17045633652	18221609779	19605900158
Malaysia	1.23018E+11	1.39247E+11	1.55075E+11	1.74474E+11	1.94602E+11	2.18187E+11	2.44394E+11	2.66779E+11	2.49828E+11	2.69219E+11	2.99738E+11	3.08155E+11	3.29754E+11	3.55797E+11	3.9038E+11	4.24426E+11	4.61898E+11	5.18895E+11	5.46637E+11	5.36876E+11	5.8137E+11	6.24786E+11	6.71123E+11	7.13971E+11	7.7044E+11
North America	6.53996E+12	6.74074E+12	7.12401E+12	7.49324E+12	7.96449E+12	8.35143E+12	8.81141E+12	9.36287E+12	9.88131E+12	1.05064E+13	1.11853E+13	1.15593E+13	1.19478E+13	1.25332E+13	1.3358E+13	1.42645E+13	1.50974E+13	1.57785E+13	1.60614E+13	1.57269E+13	1.63291E+13	1.69489E+13	1.76233E+13	1.82452E+13	1.90487E+13
Namibia	5229495146	5844793311	6407809266	6456645807	6708120955	7115036355	7476134197	7924988665	8274683853	8684376797	9192166928	9512393899	10120930066	10760410351	12412848643	13136304637	14497586887	15868266167	16608267430	16783925351	18014918715	19322996885	20675021622	22188516911	24021364817
New Caledonia																									
Niger	4631306293	4905297572	4690178707	4871369000	5174266680	5419826000	5707459629	5965014652	6658186753	6721629933	6777684078	7424623673	7764692738	8339259909	8577134869	9251506263	10088809961	10683207092	11937133416	11942069578	13099591317	13679084421	15576828741	16662295458	18238353817
Nigeria	1.87284E+11	1.92323E+11	1.9756E+11	2.06488E+11	2.12801E+11	2.16572E+11	2.31538E+11	2.421E+11	2.51373E+11	2.5643E+11	2.76213E+11	2.94969E+11	3.10832E+11	3.49856E+11	4.80748E+11	5.1331E+11	5.72523E+11	6.27894E+11	6.80354E+11	7.33058E+11	8.00182E+11	8.56619E+11	9.0973E+11	9.7429E+11	1.05435E+12
Nicaragua	8045734552	8297682931	8519546761	8688132982	9169175231	9913793656	10735214884	11352065054	11901189290	12933494327	13770348634	14501171208	14834790581	15512006787	16785226341	18067253166	19330881699	20852760882	21992306871	21429691751	22648036424	24575775914	26654358209	28419322955	30313760123
Netherlands	2.82747E+11	2.99284E+11	3.11329E+11	3.22745E+11	3.39373E+11	3.57247E+11	3.76131E+11	4.0142E+11	4.29376E+11	4.57698E+11	5.03118E+11	5.27345E+11	5.48919E+11	5.46811E+11	5.76837E+11	6.08166E+11	6.63695E+11	7.12139E+11	7.5393E+11	7.27955E+11	7.40097E+11	7.68994E+11	7.82579E+11	8.1781E+11	8.19745E+11
Norway	78221776773	83318604788	88263923453	92935086461	99711149355	1.06019E+11	1.17355E+11	1.25953E+11	1.24805E+11	1.36335E+11	1.65943E+11	1.70702E+11	1.72268E+11	1.75886E+11	1.95164E+11	2.20866E+11	2.52081E+11	2.63181E+11	2.94472E+11	2.67645E+11	2.83684E+11	3.0781E+11	3.28453E+11	3.4062E+11	3.39137E+11
Nepal	14517163458	15955615210	16989469639	18063324661	19963402718	21086637427	22615652339	24164038261	25163071725	26675478456	28973998272	31056662411	31571345140	33471233015	36002020704	38453314321	40968257730	43493414038	47053785295	49560311858	52581800527	55503825717	59228862722	62670395137	67615804895
Nauru																		37543967.82	51456289.11	56336865.59	64752285.8	73811384.02	82753192.17	112860925.3	156847637
New Zealand	49504519121	50899742242	52668983634	57001052080	61856057218	65770553469	68919186066	72350183336	73744304846	78923229197	82977550729	87378126684	92025525507	96506705954	1.02538E+11	1.06147E+11	1.16192E+11	1.24124E+11	1.27199E+11	1.32093E+11	1.36025E+11	1.43508E+11	1.45406E+11	1.60669E+11	1.6792E+11
OECD members	1.78308E+13	1.86696E+13	1.95223E+13	2.04375E+13	2.1528E+13	2.25356E+13	2.36962E+13	2.49685E+13	2.60045E+13	2.72711E+13	2.91684E+13	3.02941E+13	3.14677E+13	3.26079E+13	3.45988E+13	3.65105E+13	3.91744E+13	4.13483E+13	4.26988E+13	4.18358E+13	4.3688E+13	4.56721E+13	4.71635E+13	4.90716E+13	5.08441E+13
Oman	41043023680	44985110920	49881845035	54154723673	57450790714	61579614623	64613703014	69684767174	72302315394	73317154340	79035747084	84460370066	84813130875	84195577687	87628537201	92700678962	1.00682E+11	1.07963E+11	1.19108E+11	1.27348E+11	1.35095E+11	1.36358E+11	1.51828E+11	1.61028E+11	1.68084E+11
Other small states											2.21541E+11	2.37478E+11	2.53191E+11	2.69143E+11	3.02744E+11	3.30203E+11	3.79528E+11	4.31013E+11	4.77824E+11	4.96222E+11	5.46192E+11	6.02265E+11	6.3646E+11	6.69748E+11	7.03195E+11
Pakistan	2.12613E+11	2.3081E+11	2.54263E+11	2.64888E+11	2.80636E+11	3.00706E+11	3.21036E+11	3.29843E+11	3.41925E+11	3.59864E+11	3.83733E+11	4.00258E+11	4.19507E+11	4.48608E+11	4.94909E+11	5.5E+11	6.01918E+11	6.47801E+11	6.71746E+11	6.96013E+11	7.15834E+11	7.50693E+11	7.91333E+11	8.39466E+11	8.94478E+11
Panama	12482385402	14112713711	15618285191	16862252159	17711930079	18398070712	19498226343	21113278866	22909265528	24170987452	25392270623	26120079391	27112249127	28815823436	31835329111	35222705684	39446105077	45348921225	50220386526	51410575569	55039719438	62809393883	69870441179	75701930686	81725265384
Peru	74947584500	79160868273	80527755037	86766720889	99520073082	1.09125E+11	1.14228E+11	1.23708E+11	1.24561E+11	1.28357E+11	1.34815E+11	1.3874E+11	1.48552E+11	1.57825E+11	1.70205E+11	1.86723E+11	2.0695E+11	2.30555E+11	2.56532E+11	2.61313E+11	2.86544E+11	3.10965E+11	3.36137E+11	3.61556E+11	3.7671E+11
Philippines	1.60563E+11	1.64948E+11	1.69277E+11	1.76973E+11	1.88669E+11	2.01615E+11	2.17297E+11	2.32477E+11	2.33645E+11	2.44531E+11	2.61128E+11	2.74808E+11	2.89199E+11	3.09627E+11	3.39449E+11	3.67111E+11	3.98228E+11	4.35877E+11	4.62883E+11	4.71754E+11	5.13961E+11	5.43771E+11	5.90801E+11	6.42751E+11	6.94494E+11
Palau		168652432.1	161457144	144966825.3	158859694.1	179849920.6	202179048.5	210369058.7	216905037.7	208332376.9	207524765.5	221197293.4	239310435.2	228893564.3	252135315.2	263672491.1	264611070.2	271510787.8	260820580.9	238766215.2	248933372.1	267027343.3	282421972	281071228.4	301695693.9
Papua New Guinea	6616742235	7489700995	8721332320	10554087833	11419174539	11271198115	12364553030	12085150021	11755858483	12157235430	12123670210	12384916884	12555059004	13082536232	13808057231	15156633136	15980733366	18226740121	18529588957	19939734407	22227590443	22937726619	24447999292	25793028891	29544454579
Poland	2.35481E+11	2.26249E+11	2.37226E+11	2.5195E+11	2.7093E+11	2.95809E+11	3.18759E+11	3.44683E+11	3.659E+11	3.87469E+11	4.07501E+11	4.24983E+11	4.50394E+11	4.68247E+11	5.09575E+11	5.30344E+11	5.77617E+11	6.39856E+11	6.981E+11	7.34151E+11	8.01518E+11	8.6977E+11	9.07167E+11	9.40325E+11	9.73192E+11
Pre-demographic dividend	6.51885E+11	5.85402E+11	6.1159E+11	6.42691E+11	6.65662E+11	6.98515E+11	7.55498E+11	8.18592E+11	9.01877E+11	9.6636E+11	1.01819E+12	1.08619E+12	1.11118E+12	1.12033E+12	1.40172E+12	1.52647E+12	1.7019E+12	1.86656E+12	2.03054E+12	2.14667E+12	2.30657E+12	2.46403E+12	2.65174E+12	2.84555E+12	3.03319E+12
Puerto Rico	50813105967	53714334230	57446214018	61544595775	65485403483	69892271170	72814815725	77675287484	82860893058	88663228395	93647820599	1.01829E+11	1.0434E+11	1.06477E+11	1.18977E+11	1.20365E+11	1.22314E+11	1.24109E+11	1.2421E+11	1.2271E+11	1.23695E+11	1.25797E+11	1.28151E+11	1.29821E+11	1.30578E+11
"Korea, Dem. Peoples Rep."																									
Portugal	1.17493E+11	1.26707E+11	1.31007E+11	1.31383E+11	1.35474E+11	1.44222E+11	1.49946E+11	1.59558E+11	1.69451E+11	1.81095E+11	1.94314E+11	2.02663E+11	2.12224E+11	2.17956E+11	2.25228E+11	2.38841E+11	2.59464E+11	2.7097E+11	2.81181E+11	2.79682E+11	2.89014E+11	2.82734E+11	2.78161E+11	2.91753E+11	2.98996E+11
Paraguay	16440216538	17580912715	18286724745	19645989758	21131074358	23043602715	23833554295	25269913365	25561535666	25598176941	25574809625	25939464372	26332030688	28017534589	29955986008	31579532235	34114444794	36921124249	40039286954	38743464282	44351295738	47232661526	47506734022	55049839778	58684097333
West Bank and Gaza																									
Pacific island small states	4527061393	4648456884	4992056345	5228104100	5598633444	5933826365	6265895416	6283947343	6467224899	6921811268	7004619250	7265785475	7556108846	7840418165	8404880477	8834196380	9306709092	9632909513	9990979883	9904746174	10325001165	10949773881	11343936565	11886721522	12619015724
Post-demographic dividend	1.7222E+13	1.79964E+13	1.87418E+13	1.93897E+13	2.03645E+13	2.13418E+13	2.23791E+13	2.35151E+13	2.44182E+13	2.56202E+13	2.73793E+13	2.85021E+13	2.96342E+13	3.07439E+13	3.25855E+13	3.43421E+13	3.67232E+13	3.87187E+13	3.98984E+13	3.89842E+13	4.05662E+13	4.21808E+13	4.34623E+13	4.51443E+13	4.66251E+13
French Polynesia																									
Qatar											50852406756	54038779566	58809069752	62213052192	76209186662	84555225543	1.09961E+11	1.33191E+11	1.59792E+11	1.80256E+11	2.18205E+11	2.52498E+11	2.69202E+11	2.85614E+11	3.02308E+11
Romania	1.22089E+11	1.09856E+11	1.0251E+11	1.06553E+11	1.13099E+11	1.237E+11	1.30628E+11	1.26351E+11	1.25528E+11	1.2657E+11	1.31899E+11	1.45603E+11	1.56006E+11	1.68718E+11	1.95948E+11	2.07303E+11	2.47736E+11	2.80785E+11	3.34809E+11	3.25759E+11	3.47518E+11	3.64571E+11	3.80767E+11	3.96865E+11	4.10316E+11
Russian Federation	1.18823E+12	1.16582E+12	1.01913E+12	9.52929E+11	8.50879E+11	8.32634E+11	8.17249E+11	8.42722E+11	8.06334E+11	8.7067E+11	1.00058E+12	1.07549E+12	1.16668E+12	1.33851E+12	1.47401E+12	1.69673E+12	2.13375E+12	2.3775E+12	2.8782E+12	2.76812E+12	2.92812E+12	3.47538E+12	3.69239E+12	3.76566E+12	3.76877E+12
Rwanda	4044822271	4074367350	4411975441	4150682488	2108991663	2911345210	3342338678	3870371208	4258958991	4508781940	4996769287	5545588852	6373202819	6643863076	7332756881	8279290280	9321468579	10305663000	11680366618	12509101243	13585074792	14945292138	16566096555	17624831688	19308184955
South Asia	1.35308E+12	1.42627E+12	1.54328E+12	1.64803E+12	1.78382E+12	1.94648E+12	2.11667E+12	2.23246E+12	2.38079E+12	2.60204E+12	2.76979E+12	2.95342E+12	3.10965E+12	3.39918E+12	3.75597E+12	4.21647E+12	4.71977E+12	5.27671E+12	5.58556E+12	6.05017E+12	6.66819E+12	7.22981E+12	7.76511E+12	8.36748E+12	9.11623E+12
Saudi Arabia	4.48031E+11	5.32422E+11	5.66273E+11	5.7184E+11	5.87273E+11	6.00793E+11	6.27896E+11	6.45691E+11	6.71584E+11	6.56201E+11	7.08887E+11	7.16263E+11	7.06756E+11	8.01887E+11	8.89509E+11	9.69306E+11	1.02694E+12	1.07375E+12	1.16323E+12	1.14793E+12	1.22051E+12	1.37024E+12	1.471E+12	1.5351E+12	1.61973E+12
Sudan	29203441165	32441934972	35364096082	37859638904	39054403920	42259930390	45578490724	51257155919	54045811026	56576192781	61535542493	67029065332	72432321962	79590721488	84954983758	94256168924	1.0693E+11	1.22424E+11	1.34564E+11	1.39981E+11	1.46607E+11	1.46689E+11	1.5017E+11	1.59302E+11	1.66506E+11
Senegal	9009311436	9547114128	9886086762	10252958538	10469340609	11260928942	11697223608	12269101440	13133820896	14181186504	14967859668	16010253128	16362475542	17804099920	19367642309	21114828359	22299256818	24023268373	25396528154	26209474353	27638351228	28705773661	30524137443	32088891676	33995899912
Singapore	67630751541	74554902520	81659028172	93247386237	1.05636E+11	1.15419E+11	1.26378E+11	1.39198E+11	1.37578E+11	1.48197E+11	1.65055E+11	1.67209E+11	1.76926E+11	1.88458E+11	2.12131E+11	2.35355E+11	2.64079E+11	2.95809E+11	3.07003E+11	3.07468E+11	3.58655E+11	3.88845E+11	4.11339E+11	4.38886E+11	4.62722E+11
Solomon Islands	361308846.6	395750763.1	456139492.3	485561996	541487130.3	598239238.9	618938536	620468489.9	638390611.3	645032017.7	565585858.3	532320998.9	525358977.7	570664211.6	615077772.6	669286212	737769827.6	812846373.5	887589824.9	852047685.7	921925182.1	1062611217	1132621508	1185606409	1225077073
Sierra Leone	3485536986	3686260662	3053448849	3169068147	3173482837	2980505706	3088143444	2956398154	3041827490	3027249436	3302112539	3136209794	4020839129	4485790119	4904929887	5282095762	5745222949	6373412348	6849328423	7222223512	7702647247	8239839598	9665618312	11856363228	12618594990
El Salvador	15385283787	16465941074	18111685912	19909112272	21563014034	23420809882	24255124464	25717835190	26971493667	28328753880	29597076479	30788886301	31993311167	33381807624	34934442668	37343204362	39996215257	42637281595	44027470138	42971948875	44090668437	45998522379	47727037752	49393417063	50996595382
San Marino								1308141733	1421685091	1573293210	1644666995	1775532578	1808946282	1916607892	2059644552	2176533521	2329898367	2562453109	2655832673	2332813423	2251374815	2080937193	1959295542	1930559926	1947871762
Somalia																									
Serbia						37181996272	38779334537	42276961062	43774448866	39045868374	43032955835	46092715276	50983038400	53840435249	60207848150	64787068588	71235806793	77317534265	87627971909	86587636368	88132323710	93811207287	94365377045	98578829452	98197902266
Sub-Saharan Africa (excluding high income)	8.39596E+11	8.69131E+11	8.7815E+11	9.02158E+11	9.37911E+11	9.88066E+11	1.05978E+12	1.11721E+12	1.15871E+12	1.20348E+12	1.27504E+12	1.35822E+12	1.42043E+12	1.52248E+12	1.75633E+12	1.9124E+12	2.11052E+12	2.32098E+12	2.49703E+12	2.59982E+12	2.78125E+12	2.96729E+12	3.13881E+12	3.3519E+12	3.58036E+12
South Sudan																			33076445295	35007899541	37382086137	36383425753	19978529362	22966674909	24167572223
Sub-Saharan Africa	8.40235E+11	8.6981E+11	8.78895E+11	9.02969E+11	9.38732E+11	9.88897E+11	1.06067E+12	1.11822E+12	1.15982E+12	1.20463E+12	1.27624E+12	1.35941E+12	1.42166E+12	1.52365E+12	1.7575E+12	1.91372E+12	2.112E+12	2.32266E+12	2.4987E+12	2.60149E+12	2.78304E+12	2.96926E+12	3.14095E+12	3.35421E+12	3.58279E+12
Small states											2.85956E+11	3.04774E+11	3.2421E+11	3.46193E+11	3.85553E+11	4.18737E+11	4.77037E+11	5.34327E+11	5.84996E+11	6.0066E+11	6.53731E+11	7.13553E+11	7.51265E+11	7.88639E+11	8.25157E+11
Sao Tome and Principe												231641977.7	240788338.2	261733571.2	279236542.6	308667126.4	347151651.5	367986064.4	405919411.6	418925646.5	452334225.2	481978562.2	506279459.3	539225902.7	584638741.7
Suriname	2777164207	2949437975	3010595478	2858621634	3014256773	3110864737	3208023113	3450106175	3542100946	3564980590	3643598023	3896308452	4126232672	4461450153	5008435906	5405876443	5786041718	6243651546	6629902342	6881574792	7325663731	7914263444	8276891763	8657283109	8835169757
Slovak Republic			37853618786	39563464274	42912803688	46367700055	50287823842	54176017148	57163919314	57741226846	61188017705	66599289569	71483327517	75972949863	81624372124	89275283993	1.01374E+11	1.13735E+11	1.27443E+11	1.24184E+11	1.34714E+11	1.39467E+11	1.44098E+11	1.51021E+11	1.56749E+11
Slovenia						26972995865	28375434452	30313427178	31760795772	33844952075	35895116495	37791507495	40498975974	42174185312	45501958515	47901860736	51710042492	55701921139	59879849603	56031844984	56881816770	59131529881	59453701345	61380032249	63620535892
Sweden	1.72101E+11	1.75791E+11	1.77716E+11	1.78186E+11	1.89416E+11	2.01148E+11	2.08649E+11	2.1631E+11	2.25553E+11	2.40477E+11	2.59738E+11	2.63842E+11	2.72994E+11	2.81921E+11	3.01643E+11	3.06709E+11	3.39821E+11	3.71163E+11	3.85876E+11	3.68646E+11	3.90392E+11	4.13451E+11	4.25754E+11	4.3848E+11	4.51104E+11
Swaziland	2994207942	3148334311	3323989342	3508779158	3669478219	3926781139	4152089859	4354189247	4516058675	4720471522	4912865982	5077825423	5381604484	5701898397	6070998412	6642244984	7256554924	7780097383	7997892975	8184753278	8599019603	8973786732	9570284932	10349259078	10738426381
Sint Maarten (Dutch part)																						1214600999			
Seychelles	638672923.8	678148149.7	743279305.8	808118129.5	818724183.3	828899402.5	885536862.2	1008429738	1105035826	1142949342	1186659356	1186136996	1218952357	1170066713	1167970983	1314121207	1481900000	1679883648	1676063693	1670126998	1791195218	1972370137	2141482321	2307715619	2427051943
Syrian Arab Republic																									
Turks and Caicos Islands																									
Chad	4275313691	4794667827	5296352663	4570521763	5140957018	5313077101	5529874708	5942494824	6424566558	6478341585	6567471999	7500231190	8262006051	9667313926	13273590051	16075362213	16676652291	17680570346	18577715352	19508303017	22422247379	22904148163	25398008887	27279255629	29684874520
East Asia & Pacific (IDA & IBRD countries)	2.30108E+12	2.56108E+12	2.88871E+12	3.26588E+12	3.68331E+12	4.11964E+12	4.56335E+12	4.95343E+12	5.05098E+12	5.42841E+12	5.96E+12	6.49159E+12	7.0964E+12	7.85465E+12	8.77518E+12	9.91166E+12	1.12807E+13	1.29603E+13	1.42922E+13	1.54635E+13	1.71534E+13	1.8951E+13	2.0736E+13	2.25674E+13	2.4502E+13
Europe & Central Asia (IDA & IBRD countries)	2.75384E+12	2.68292E+12	2.49339E+12	2.42262E+12	2.24072E+12	2.26634E+12	2.32394E+12	2.43717E+12	2.47614E+12	2.56594E+12	2.84026E+12	3.00245E+12	3.20794E+12	3.51591E+12	3.92371E+12	4.36459E+12	5.16899E+12	5.76322E+12	6.59229E+12	6.45207E+12	6.95327E+12	7.88843E+12	8.33315E+12	8.70211E+12	8.97199E+12
Togo	3304619212	3390712707	3329955272	2894539138	3399039738	3742177818	4147196523	4824639025	4764833768	4957812018	5030900676	5061841788	5092152977	5451009596	5719583829	5973306080	6406321795	6727454496	7012076137	7313342264	7698450389	8241131320	8797505606	9294290178	10016621876
Thailand	2.43216E+11	2.72819E+11	3.01594E+11	3.34246E+11	3.68657E+11	4.06907E+11	4.37755E+11	4.32987E+11	4.04274E+11	4.29228E+11	4.58555E+11	4.85159E+11	5.22897E+11	5.71666E+11	6.24328E+11	6.71403E+11	7.2641E+11	7.86274E+11	8.15532E+11	8.1605E+11	8.8808E+11	9.14029E+11	9.98289E+11	1.04213E+12	1.07053E+12
Tajikistan	12446712432	11947871795	8676362870	7426017662	5968650007	5337587767	4527378627	4683147387	4984872062	5248419430	5813379713	6552338746	7371441238	8345459218	9458154639	10416569970	11488156610	12713819080	13987308627	14629087510	15770264220	17286955073	18925793765	20654573840	22433790799
Turkmenistan	19802771782	19519584833	16976652717	17641280282	14899844446	14115437090	15336119979	13820357998	14962238782	17697758638	19090401207	20373608063	20739569517	21844587698	23567607046	27498116718	31451328623	35859220072	41937346902	44833439598	49556065691	58014358232	65641226951	73504873904	82530923870
Latin America & the Caribbean (IDA & IBRD countries)	2.48423E+12	2.67386E+12	2.82653E+12	3.15743E+12	3.37912E+12	3.46171E+12	3.63875E+12	3.89731E+12	4.02468E+12	4.10396E+12	4.35423E+12	4.47318E+12	4.55307E+12	4.73424E+12	5.16813E+12	5.6157E+12	6.17337E+12	6.71489E+12	7.14173E+12	7.11369E+12	7.65445E+12	8.24713E+12	8.62711E+12	9.01789E+12	9.29764E+12
Timor-Leste											879680016.8	1046473978	991702747	989055934.8	1026491532	1128217394	1094794976	1252540191	1458129138	1660213388	1850574629	2038638341	2180453981	2274015939	2411734130
Middle East & North Africa (IDA & IBRD countries)	1.17554E+12	1.19278E+12	1.27787E+12	1.33036E+12	1.37814E+12	1.44639E+12	1.56525E+12	1.65196E+12	1.77738E+12	1.89363E+12	2.02371E+12	2.13024E+12	2.24208E+12	2.34499E+12	2.59893E+12	2.8032E+12	3.05108E+12	3.32358E+12	3.51313E+12	3.63128E+12	3.86877E+12	3.92533E+12	4.00685E+12	4.16407E+12	4.37393E+12
Tonga	219814893.4	241701807.4	247834459.6	263215677.7	282130503.7	298705579.5	304189682	308988785.8	320834102.5	338388312.7	357751030.3	379082904	398061633.7	414560031.5	424462370.3	445051830.5	454999143.3	447649521.1	470577828.8	485012536.3	508539525.3	533494964.6	548159536.9	539630204.4	560699948.1
South Asia (IDA & IBRD)	1.35308E+12	1.42627E+12	1.54328E+12	1.64803E+12	1.78382E+12	1.94648E+12	2.11667E+12	2.23246E+12	2.38079E+12	2.60204E+12	2.76979E+12	2.95342E+12	3.10965E+12	3.39918E+12	3.75597E+12	4.21647E+12	4.71977E+12	5.27671E+12	5.58556E+12	6.05017E+12	6.66819E+12	7.22981E+12	7.76511E+12	8.36748E+12	9.11623E+12
Sub-Saharan Africa (IDA & IBRD countries)	8.40235E+11	8.6981E+11	8.78895E+11	9.02969E+11	9.38732E+11	9.88897E+11	1.06067E+12	1.11822E+12	1.15982E+12	1.20463E+12	1.27624E+12	1.35941E+12	1.42166E+12	1.52365E+12	1.7575E+12	1.91372E+12	2.112E+12	2.32266E+12	2.4987E+12	2.60149E+12	2.78304E+12	2.96926E+12	3.14095E+12	3.35421E+12	3.58279E+12
Trinidad and Tobago	9678766338	10269155180	10330235865	10422298898	11023657297	11777671344	12848294000	14051294198	15357782484	16844100236	18416315263	19621188233	21503580795	25099719800	27840083729	30520085495	35612700879	38298629063	40373855858	38894355345	40677766313	41395401723	42703441027	44544722225	45083006505
Tunisia	29877809895	32077719516	35369924829	37004437010	38993123943	40742509414	44450929205	47671651963	50494259419	54371012637	58227305822	61815037157	63594068493	67912256344	74130969414	79184001808	85896886904	94099629321	1.00011E+11	1.03838E+11	1.08796E+11	1.08913E+11	1.15354E+11	1.20586E+11	1.26216E+11
Turkey	3.31417E+11	3.45648E+11	3.74698E+11	4.14443E+11	4.00169E+11	4.37889E+11	4.76335E+11	5.20531E+11	5.574E+11	5.45463E+11	6.05983E+11	5.92032E+11	6.07794E+11	6.34671E+11	7.28003E+11	8.07227E+11	9.36691E+11	1.03307E+12	1.13049E+12	1.10456E+12	1.26159E+12	1.4433E+12	1.53911E+12	1.69086E+12	1.85103E+12
Tuvalu	13788242.74	14761390.66	15518943.87	16541294.11	18630536.67	18067310.01	17300418.54	19356734.79	22599898.43	22586925.97	22876678.69	23780364.28	26049572.62	25683327.91	26032713.33	25854725.13	27219057.99	29718015.53	32719973.12	31507017.13	31021363.44	34338316.85	35031855.81	36059746.7	37527618.84
Tanzania	23560053608	24848663128	25563607033	26487412251	27475169324	29049508981	30924038959	32562121515	34136179239	36336180085	38996583323	42277527449	46001605856	50149845758	55562656983	62037908172	66924027956	74520563189	80211998963	85171231203	91693558658	1.00984E+11	1.08132E+11	1.17859E+11	1.2833E+11
Uganda	8672761942	9459162668	10005507884	11096474272	12058321822	13728309928	15247111887	16298978456	17284049007	18961901797	20002705771	21519049390	23757432494	25799715318	28313674263	31075379406	35484462103	39493370772	43774924600	47107336786	50370846387	56239143509	59473003926	62601189785	66978655166
Ukraine	3.50956E+11	3.32138E+11	3.0676E+11	2.69381E+11	2.12019E+11	1.90035E+11	1.74154E+11	1.7182E+11	1.70385E+11	1.72647E+11	1.86993E+11	2.0885E+11	2.23083E+11	2.48919E+11	2.86711E+11	3.03927E+11	3.36133E+11	3.7234E+11	3.88375E+11	3.33409E+11	3.51655E+11	3.78532E+11	3.86425E+11	3.92561E+11	3.73421E+11
Upper middle income	6.88063E+12	7.22021E+12	7.52474E+12	8.14873E+12	8.57899E+12	9.05364E+12	9.68193E+12	1.03742E+13	1.08019E+13	1.13523E+13	1.23512E+13	1.30889E+13	1.39211E+13	1.50497E+13	1.67565E+13	1.86847E+13	2.12528E+13	2.39084E+13	2.63215E+13	2.72428E+13	2.9775E+13	3.2738E+13	3.50257E+13	3.73584E+13	3.96503E+13
Uruguay	19780719693	21162424977	23361612237	24553063235	26901424314	27064954157	29096270930	32123877812	33939900955	33791051941	33892990492	33332795963	31227637047	32106819314	34640523175	38422509824	41226109385	45091856453	49275715711	51756824627	56477081174	60618737168	63919673072	67964153510	71424610475
United States	5.97959E+12	6.17404E+12	6.5393E+12	6.87872E+12	7.30876E+12	7.66406E+12	8.1002E+12	8.60852E+12	9.08917E+12	9.66062E+12	1.02848E+13	1.06218E+13	1.09775E+13	1.15107E+13	1.22749E+13	1.30937E+13	1.38559E+13	1.44776E+13	1.47186E+13	1.44187E+13	1.49644E+13	1.55179E+13	1.61553E+13	1.66915E+13	1.74276E+13
Uzbekistan	40710368868	41858456958	38017625793	38026954733	36816735480	37246352010	38571051237	41271218386	43513038866	46078622346	48917982240	52134151108	55051854292	58507903248	64745693915	71507004459	79084274281	89243855759	99183976971	1.08032E+11	1.18646E+11	1.31147E+11	1.44515E+11	1.58597E+11	1.74024E+11
St. Vincent and the Grenadines	387453338.8	404896696.3	440535795.5	470190143.7	474204826	521696883	538058214.3	566453318.4	596017201.4	621542982.6	646095288.1	672115298.6	725585469.5	796962663.7	852911767.2	902258667.2	1001478560	1011870608	1100504460	1085586379	1061995124	1079375927	1114435424	1153183059	1188394014
"Venezuela, RB"	1.8551E+11	2.10335E+11	2.28168E+11	2.3424E+11	2.33604E+11	2.479E+11	2.51926E+11	2.72563E+11	2.76331E+11	2.63809E+11	2.7976E+11	2.95847E+11	2.73788E+11	2.57591E+11	3.13073E+11	3.56489E+11	4.03716E+11	4.5074E+11	4.83838E+11	4.71901E+11	4.70553E+11	5.00326E+11	5.38209E+11	5.54246E+11	5.42221E+11
British Virgin Islands																									
Virgin Islands (U.S.)																									
Vietnam	64051732955	70128810524	77929020064	86223834453	95842292090	1.07176E+11	1.19325E+11	1.31262E+11	1.40335E+11	1.49284E+11	1.63044E+11	1.77087E+11	1.9117E+11	2.08434E+11	2.30306E+11	2.55657E+11	2.819E+11	3.10035E+11	3.34014E+11	3.54718E+11	3.82113E+11	4.14339E+11	4.44114E+11	4.75754E+11	5.13271E+11
Vanuatu	241607234.1	257486452.4	270182217	278687184.9	310394128.3	320073890.2	333505841.6	355880194	375216603.2	382234029.6	414082998.4	408745027.5	393807205.3	418904935.7	447574980.7	486474246.6	543866039.9	587225946.2	637355245	663470297.7	682514070	705126498.6	730716419.3	757138796.3	788692665.9
World	2.88039E+13	3.02491E+13	3.16321E+13	3.32276E+13	3.50482E+13	3.69752E+13	3.9157E+13	4.14154E+13	4.29742E+13	4.51587E+13	4.85039E+13	5.08502E+13	5.32536E+13	5.62676E+13	6.09266E+13	6.57234E+13	7.20045E+13	7.80411E+13	8.26372E+13	8.34241E+13	8.90087E+13	9.5069E+13	1.00007E+14	1.05469E+14	1.10871E+14
Samoa	384129636.7	387786358.8	395832931	421866065.7	419891467.8	457255548.3	499028472.8	510835190.3	527712994.3	547498036.2	598698675.9	654837555.7	693772925.9	739559001.6	795039961.8	854730538.4	898335143.2	980552975.7	1009876348	968619332.9	985147468.8	1063589611	1087536991	1083729702	1116374769
Kosovo											6205633655	8059102998	8125462931	8783093156	9260337815	10134976306	10916752249	12023855744	12583964475	13103239009	13702233363	14631187630	15319181534	16102150348	16590863002
"Yemen, Rep."	25927654447	28476728343	31516404114	33557546727	36575421873	39455111901	42037502063	44993640734	48213898063	50799913236	55167743681	58571167614	61810602309	65405617999	69873904585	76155085465	80983378360	85914141363	90794694367	95021210789	1.0359E+11	92285415712	96234421058	1.02505E+11	1.04148E+11
South Africa	2.35395E+11	2.40754E+11	2.4098E+11	2.49756E+11	2.63321E+11	2.77188E+11	2.94404E+11	3.07368E+11	3.12312E+11	3.24568E+11	3.45745E+11	3.63298E+11	3.82404E+11	4.01532E+11	4.31364E+11	4.6874E+11	5.10214E+11	5.51871E+11	5.80652E+11	5.76063E+11	6.00823E+11	6.33368E+11	6.59311E+11	6.86636E+11	7.10839E+11
Zambia	12150601761	12550499571	12614403095	13792368911	12870918682	13520099702	14623018440	15440560403	15547922282	16519927775	17554327530	18908983631	20064381490	21885729118	24068937297	26640956610	29629747891	32958963865	36217946838	39857780125	44499351077	47945443548	52538435072	56087980477	59775639303
Zimbabwe	17150514700	18701679495	17403496107	18004915151	20086259741	20537597657	23079205510	24103455178	25068022440	25243495011	25028096740	25966981580	24020643831	20335898779	19681589557	19154672545	19059746819	18852144631	15825634442	17862437289	20355325256	23984528514	28036449441	30064634343	31255173718
